<?xml version="1.0" encoding="UTF-8"?>
<!DOCTYPE struts-config PUBLIC "-//Apache Software Foundation//DTD Struts Configuration 1.1//EN"
                               "http://jakarta.apache.org/struts/dtds/struts-config_1_1.dtd">

<struts-config>

		<form-beans>
				<form-bean name= "inputForm"			type= "com.dds.page.InputForm" />
		</form-beans>

		<action-mappings>
			<action path="/test"
					type="com.dds.page.InputAction"
					name="inputForm"
					scope="request">

					<forward name="success" path="/pagination_test.jsp"/>
			</action>	
		</action-mappings>

</struts-config>